Source / Publisher,Article / Report Title,Exact URL,
Forbes,"2026 Workplace Trends: Human Skills, AI, And Talent Scarcity",https://www.forbes.com/sites/sandervantnoordende/2025/12/17/2026-workplace-prediction-skilled-hands-human-strengths-and-ai-powered-teams/,
Goldman Sachs,"How the US Labor Market Is Changing in the AI Era",https://www.marcus.com/us/en/resources/digital-economy,
WSJ,Tech Job Seekers Without AI Skills Face a New Reality,https://www.wsj.com/articles/tech-job-seekers-without-ai-skills-face-a-new-reality-lower-salaries-and-fewer-roles-db63f6e0,
Reuters,Just how big is the AI investment wave?,https://www.reuters.com/graphics/USA-ECONOMY/AI-INVESTMENT/gkvlqbgxkpb/,
Financial Times,"Exploring the critical role of AI in today’s enterprises",https://www.ft.com/partnercontent/nvidia/exploring-the-critical-role-of-ai-in-todays-enterprises.html,
Bloomberg,"Bloomberg’s Responsible AI Research: Mitigating Risky RAGs",https://www.bloomberg.com/company/stories/bloomberg-responsible-ai-research-mitigating-risky-rags-genai-in-finance/,
CNBC,2 uses of AI in healthcare that may be reducing the burden,https://www.cnbc.com/2025/02/11/2-uses-of-ai-in-healthcare-that-may-be-reducing-the-burden-on-doctors.html,
McKinsey & Co,The State of AI: Global Survey 2025,https://www.mckinsey.com/capabilities/quantumblack/our-insights/the-state-of-ai,
Databricks,State of AI: Enterprise Adoption & Growth Trends,https://www.databricks.com/blog/state-ai-enterprise-adoption-growth-trends,
St. Louis Fed,"The State of Generative AI Adoption in 2025",https://www.stlouisfed.org/on-the-economy/2025/nov/state-generative-ai-adoption-2025,
Elastic Blog,Traditional AI vs. Generative AI,https://www.elastic.co/blog/traditional-ai-vs-generative-ai,
SS&C Blue Prism,Generative AI vs. Traditional AI: What's the Difference?,https://www.blueprism.com/resources/blog/generative-ai-vs-traditional-ai/,
MIT xPRO,Exploring the shift from traditional to generative AI,https://openlearning.mit.edu/news/exploring-shift-traditional-generative-ai,
IDC / Workera,The $5.5 Trillion Skills Gap: IDC Report,https://www.workera.ai/blog/the-5-5-trillion-skills-gap-what-idcs-new-report-reveals-about-ai-workforce-readiness,
World Economic Forum,Future of Jobs Report 2025,https://www.weforum.org/stories/2025/01/future-of-jobs-report-2025-the-fastest-growing-and-declining-jobs/,
IMF,Bridging Skill Gaps for the Future: New Jobs Creation,https://www.imf.org/en/publications/staff-discussion-notes/issues/2026/01/09/bridging-skill-gaps-for-the-future-new-jobs-creation-in-the-ai-age-572136,
PwC,AI Jobs Barometer,https://www.pwc.com/gx/en/services/ai/ai-jobs-barometer.html,
Gartner,"Gartner Predicts 2026: AI Agents Will Reshape Operations",https://www.gartner.com/en/newsroom/press-releases/2025-08-26-gartner-predicts-40-percent-of-enterprise-apps-will-feature-task-specific-ai-agents-by-2026-up-from-less-than-5-percent-in-2025,
